{"cameraMode":{"drawMode":0,"name":"Shaded","section":"Shading Mode"},"sceneLighting":false,"audioPlay":false,"sceneViewState":{"m_AlwaysRefresh":true,"showFog":true,"showSkybox":true,"showFlares":true,"showImageEffects":true,"showParticleSystems":true,"showVisualEffectGraphs":true,"m_FxEnabled":true},"in2DMode":false,"pivot":{"x":20.99475860595703,"y":-0.20634722709655763,"z":12.289689064025879},"rotation":{"x":0.03507447987794876,"y":0.5492140650749207,"z":-0.023080796003341676,"w":0.8346320986747742},"size":17.529123306274415,"orthographic":false}